{"cameraMode":{"drawMode":0,"name":"Shaded","section":"Shading Mode"},"sceneLighting":true,"audioPlay":false,"sceneViewState":{"m_AlwaysRefresh":false,"showFog":true,"showSkybox":true,"showFlares":true,"showImageEffects":true,"showParticleSystems":true,"showVisualEffectGraphs":true,"m_FxEnabled":true},"in2DMode":false,"pivot":{"x":-8.984946250915528,"y":31.682865142822267,"z":-2.7851409912109377},"rotation":{"x":-0.489329069852829,"y":0.027462294325232507,"z":-0.015418967232108117,"w":-0.871530294418335},"size":12.461819648742676,"orthographic":false}